{
  "epoch": [
    1,
    2,
    3,
    4,
    5,
    6,
    7,
    8,
    9,
    10,
    11,
    12,
    13,
    14,
    15,
    16,
    17,
    18,
    19,
    20,
    21,
    22,
    23,
    24,
    25,
    26,
    27,
    28,
    29,
    30,
    31,
    32,
    33,
    34,
    35,
    36,
    37,
    38,
    39,
    40,
    41,
    42,
    43,
    44,
    45,
    46,
    47,
    48,
    49,
    50,
    51,
    52,
    53,
    54,
    55,
    56,
    57,
    58,
    59,
    60
  ],
  "train_loss": [
    0.27441057045827205,
    0.1401159735336419,
    0.11642175812314275,
    0.10555469707642619,
    0.09959279500535526,
    0.09313465780094533,
    0.0886902568314398,
    0.08716483922561757,
    0.0834004235150139,
    0.08237602515446563,
    0.07991139848639782,
    0.07872824192207346,
    0.07833064875121505,
    0.0768048078022016,
    0.07532544232851501,
    0.0741107234841473,
    0.07358026564067838,
    0.07176053177191472,
    0.07212183009365768,
    0.07053228388456995,
    0.07091986173463445,
    0.06979706382252089,
    0.06822630460257224,
    0.06829300725692382,
    0.06754079044973445,
    0.06786013234066227,
    0.06669691195411066,
    0.06692090646554065,
    0.06551700920520824,
    0.06619925290132508,
    0.06505056980456556,
    0.06455118774259497,
    0.0639175806247953,
    0.06411380597714028,
    0.06434410811405242,
    0.0636584906601831,
    0.06247086551367542,
    0.0633511868742792,
    0.06182732245347406,
    0.061869727969036094,
    0.06117403623931724,
    0.0617987134972901,
    0.0613055251742376,
    0.06114209726633083,
    0.061093617675285185,
    0.059612335388859114,
    0.05996921364531776,
    0.06021196891964283,
    0.060034650290805486,
    0.060036109519728514,
    0.059539901077293365,
    0.05952536810863777,
    0.05904826461153913,
    0.058995417851994754,
    0.05971923023695961,
    0.058732779118763186,
    0.058484185487365746,
    0.05949111226612308,
    0.05878298291569329,
    0.05878780835031074
  ],
  "val_loss": [
    0.15664034173740354,
    0.12236768644008396,
    0.10694807535872772,
    0.1029909136047144,
    0.09197026204942191,
    0.08903492579748035,
    0.08691332584214215,
    0.0881942745986177,
    0.08291872689561235,
    0.08132026144939061,
    0.08076882372422034,
    0.07705691476875537,
    0.07801499611345006,
    0.07544683817409358,
    0.07298673482510894,
    0.07561442847895904,
    0.07396286284156728,
    0.07261969645818074,
    0.07220013787680032,
    0.07015931395619379,
    0.06938773366071599,
    0.07107174968833539,
    0.07120968695738245,
    0.07062618257998197,
    0.06961146682626862,
    0.06882923794631854,
    0.068557508328639,
    0.06538200092194998,
    0.06809950901894575,
    0.06892250579721843,
    0.06739324570852896,
    0.06520353412701496,
    0.06512884078867187,
    0.06737475249551615,
    0.06493399267980894,
    0.0645387661543877,
    0.06691314390970768,
    0.06452006714852289,
    0.06651914576136941,
    0.06331639454295732,
    0.06267631107261196,
    0.06351248347772485,
    0.06274967728853836,
    0.06115143394103096,
    0.0630925057289459,
    0.06367904274023824,
    0.06301247556887181,
    0.06284431649434674,
    0.06259609881439067,
    0.06252738513789502,
    0.06325770193809895,
    0.06393490083147761,
    0.06264076604369907,
    0.06310477149142145,
    0.062410397103761846,
    0.062354973413771934,
    0.0605806705764516,
    0.06369102936554379,
    0.0623405983185597,
    0.0611643235963083
  ],
  "lr": [
    9.99314767377287e-05,
    9.972609476841367e-05,
    9.93844170297569e-05,
    9.89073800366903e-05,
    9.829629131445343e-05,
    9.75528258147577e-05,
    9.66790213248601e-05,
    9.567727288213006e-05,
    9.455032620941841e-05,
    9.330127018922197e-05,
    9.193352839727123e-05,
    9.04508497187474e-05,
    8.885729807284857e-05,
    8.715724127386973e-05,
    8.535533905932739e-05,
    8.345653031794293e-05,
    8.146601955249189e-05,
    7.938926261462367e-05,
    7.723195175075138e-05,
    7.500000000000002e-05,
    7.269952498697736e-05,
    7.033683215379003e-05,
    6.791839747726505e-05,
    6.54508497187474e-05,
    6.294095225512606e-05,
    6.0395584540887984e-05,
    5.782172325201157e-05,
    5.52264231633827e-05,
    5.261679781214721e-05,
    5.0000000000000036e-05,
    4.738320218785284e-05,
    4.477357683661736e-05,
    4.217827674798848e-05,
    3.9604415459112055e-05,
    3.705904774487399e-05,
    3.4549150281252656e-05,
    3.2081602522735006e-05,
    2.9663167846210015e-05,
    2.7300475013022676e-05,
    2.5000000000000025e-05,
    2.2768048249248675e-05,
    2.0610737385376362e-05,
    1.8533980447508148e-05,
    1.6543469682057116e-05,
    1.4644660940672637e-05,
    1.2842758726130309e-05,
    1.1142701927151465e-05,
    9.549150281252641e-06,
    8.06647160272881e-06,
    6.69872981077807e-06,
    5.449673790581616e-06,
    4.322727117869955e-06,
    3.3209786751399153e-06,
    2.447174185242325e-06,
    1.7037086855465854e-06,
    1.0926199633097164e-06,
    6.155829702431174e-07,
    2.7390523158633014e-07,
    6.85232622713084e-08,
    0.0
  ]
}