{
  "epoch": [
    1,
    2,
    3,
    4,
    5,
    6,
    7,
    8,
    9,
    10,
    11,
    12,
    13,
    14,
    15,
    16,
    17,
    18,
    19,
    20,
    21,
    22,
    23,
    24,
    25,
    26,
    27,
    28,
    29,
    30,
    31,
    32,
    33,
    34,
    35,
    36,
    37,
    38,
    39,
    40,
    41,
    42,
    43,
    44,
    45
  ],
  "train_loss": [
    0.0012290984740577584,
    0.0002499564258318301,
    0.00017737542131146262,
    0.00014484791872387844,
    0.00012514372678047153,
    0.00011295966195767932,
    0.00010300617350334649,
    9.621757972550721e-05,
    8.993440882034106e-05,
    8.49272977242807e-05,
    8.168968447779496e-05,
    7.756150918148999e-05,
    7.420930506346087e-05,
    7.203459013862649e-05,
    6.887175202068012e-05,
    6.693341822426443e-05,
    6.425412267231213e-05,
    6.233445003813994e-05,
    6.011089135948602e-05,
    5.838155282937127e-05,
    5.6554501985556924e-05,
    5.4946499768190596e-05,
    5.4104835676771214e-05,
    5.188045316934085e-05,
    5.062407438224348e-05,
    4.922362072827248e-05,
    4.823246699710724e-05,
    4.714107457285507e-05,
    4.63186458001868e-05,
    4.5403956844430504e-05,
    4.437596183389135e-05,
    4.3727678923694895e-05,
    4.254783632852951e-05,
    4.223318585942793e-05,
    4.1401208521598804e-05,
    4.087588228512719e-05,
    4.028467443263856e-05,
    3.971478932159102e-05,
    3.933952702741359e-05,
    3.904011506836788e-05,
    3.8213254796782524e-05,
    3.800871873801861e-05,
    3.760130174437581e-05,
    3.7136104613614326e-05,
    3.6714955439163524e-05
  ],
  "train_recon": [
    0.0012142164551938372,
    0.00022147574413385857,
    0.0001461582444076206,
    0.00011146888505094968,
    9.100049628027445e-05,
    7.869332651591001e-05,
    6.924834940092234e-05,
    6.295121776903512e-05,
    5.724629913319043e-05,
    5.291541460156691e-05,
    5.037227333250028e-05,
    4.711116450892154e-05,
    4.4673916103074656e-05,
    4.3325668193444134e-05,
    4.086052965989093e-05,
    3.954066101008505e-05,
    3.744647458339015e-05,
    3.608644253019983e-05,
    3.4378208793997244e-05,
    3.3156947262460405e-05,
    3.186428132796607e-05,
    3.076384016163489e-05,
    3.04183192021947e-05,
    2.8669752935711195e-05,
    2.7786982708901007e-05,
    2.6708367948485437e-05,
    2.5981688310974695e-05,
    2.5134496132118834e-05,
    2.453987331283579e-05,
    2.386076906152482e-05,
    2.3095319786379833e-05,
    2.274987659753821e-05,
    2.180992348932646e-05,
    2.169737038401825e-05,
    2.1019244003155534e-05,
    2.0645647027027394e-05,
    2.020066329279095e-05,
    1.976827442243163e-05,
    1.95265718881065e-05,
    1.9355375513692695e-05,
    1.8640744649449623e-05,
    1.8548161874132607e-05,
    1.825849725210774e-05,
    1.7894688555257274e-05,
    1.7580659378611642e-05
  ],
  "train_kl": [
    1.4882017991982908,
    2.848068257984722,
    3.121717763887084,
    3.3379034654213964,
    3.4143231439761363,
    3.42663362051851,
    3.3757824843075115,
    3.326636280722943,
    3.268811048829,
    3.201188389972974,
    3.1317411807275586,
    3.0450345488859334,
    2.9535389671188956,
    2.8708922681842655,
    2.80112230769195,
    2.7392757913117767,
    2.6807648727116193,
    2.6248008165735497,
    2.5732683227908226,
    2.522460618924924,
    2.4690221258389053,
    2.4182660143862487,
    2.368651702327113,
    2.321070078709647,
    2.283709220646957,
    2.2515253268689666,
    2.22507792630076,
    2.200657895474451,
    2.177877302921801,
    2.1543188289929462,
    2.128064258807876,
    2.0977802907266923,
    2.0737913377823367,
    2.0535815960190202,
    2.0381965103969777,
    2.02302358201755,
    2.008401163675452,
    1.9946515445640864,
    1.9812955637559242,
    1.9684740069091962,
    1.9572510691953817,
    1.946055734114835,
    1.9342804995061675,
    1.9241416588479046,
    1.9134296601818455
  ],
  "val_loss": [
    0.0004333737870074768,
    0.0002770353598710625,
    0.00020846452824220058,
    0.0001769835922234602,
    0.00015015779799676642,
    0.00013550592510080752,
    0.000129567352730398,
    0.00012290269878837564,
    0.00010223943792981788,
    9.571003639343703e-05,
    9.082983231854824e-05,
    8.980993030413552e-05,
    8.353164073786471e-05,
    8.220899375364213e-05,
    7.675880894700424e-05,
    7.394007944254347e-05,
    7.220624622962018e-05,
    7.278094280498769e-05,
    6.878741577022564e-05,
    6.637879318515354e-05,
    6.3244982565291e-05,
    6.103742236707527e-05,
    6.223333016289428e-05,
    5.82093660433955e-05,
    5.9222914964607785e-05,
    5.635455839708495e-05,
    5.5675159881688466e-05,
    5.2112233451297564e-05,
    5.2535906176734145e-05,
    5.018718525910215e-05,
    5.1363606619548867e-05,
    4.856070615666852e-05,
    4.7425706898749423e-05,
    4.717056372118162e-05,
    4.634810867364318e-05,
    4.60109876924862e-05,
    4.829288849712884e-05,
    4.856633145458744e-05,
    4.500441254853534e-05,
    4.35572379550018e-05,
    4.313124720804844e-05,
    4.231827312610592e-05,
    4.185758601061135e-05,
    4.205641606331132e-05,
    4.111017753069292e-05
  ],
  "val_recon": [
    0.00040847014348850376,
    0.000246666085880828,
    0.00017575637882627664,
    0.00014328820405237717,
    0.00011574943610366374,
    0.00010148274164836057,
    9.588353597105666e-05,
    8.959969053054145e-05,
    6.977647807826692e-05,
    6.403749909590215e-05,
    6.000230464957099e-05,
    5.987391792107162e-05,
    5.447140705526045e-05,
    5.393607601118422e-05,
    4.9102520998884787e-05,
    4.6929600408536295e-05,
    4.576474400743797e-05,
    4.683140989552075e-05,
    4.3295664852831146e-05,
    4.150164940244253e-05,
    3.885061111767183e-05,
    3.7064448666886964e-05,
    3.905108344462847e-05,
    3.526342661103111e-05,
    3.657556577548762e-05,
    3.396978227011373e-05,
    3.351743744341495e-05,
    3.020839092560412e-05,
    3.0857557269009685e-05,
    2.876067708422425e-05,
    3.022637412115772e-05,
    2.7768303151982835e-05,
    2.675919344037961e-05,
    2.6711531499661867e-05,
    2.5980608370601524e-05,
    2.5850595101963972e-05,
    2.822160281883442e-05,
    2.8677502321587063e-05,
    2.525678569169563e-05,
    2.3926552465011707e-05,
    2.358863292388736e-05,
    2.2872972782941243e-05,
    2.25691767778699e-05,
    2.2763067789213244e-05,
    2.201388199970416e-05
  ],
  "val_kl": [
    2.4903644360213653,
    3.0369274469190186,
    3.2708149815387815,
    3.3695388693657162,
    3.4408362407104267,
    3.402318433026422,
    3.3683817336116513,
    3.330300914799273,
    3.2462961008136095,
    3.167253800300417,
    3.0827528464168887,
    2.993601288649642,
    2.906023434934383,
    2.8272918321201175,
    2.765628850910168,
    2.7010479924537454,
    2.644150296419314,
    2.5949533564930753,
    2.549175170269172,
    2.487714438973666,
    2.4394372139306184,
    2.3972974182824975,
    2.318224735022121,
    2.2945940077009515,
    2.264734987028843,
    2.2384776693520414,
    2.2157723045789055,
    2.190384292244076,
    2.1678349382344138,
    2.142650876150322,
    2.1137233045230293,
    2.0792403596701754,
    2.0666513992093187,
    2.0459032722279575,
    2.0367500909511684,
    2.0160393089224042,
    2.007128618811616,
    1.9888829605896698,
    1.9747627315288239,
    1.96306859489671,
    1.9542614774339,
    1.9445300921810482,
    1.928840962206627,
    1.9293348738704403,
    1.9096295994081274
  ],